location_name,address,city,state,zipcode,count(1)
rohnert park,5080 redwood dr,rohnert park,ca,94928,33806
northgate,391 spectrum loop,colorado springs,co,80921,33583
misericordia university,301 lake st,dallas,pa,18612,33561
tampa international airportairside a,4100 george j bean pkwy,tampa,fl,33607,33498
frisco lakes,7979 fm 423,frisco,tx,75034,33462
hersheypark,300 park blvd,hershey,pa,17033,33352
highland lakes,2105 us highway 281,marble falls,tx,78654,33223
hwy 249 at west road,12935 state highway 249,houston,tx,77086,32838
kings dominion ocl,16000 theme park way,doswell,va,23047,32732
skyview container ocl,168 luckie st nw,atlanta,ga,30303,32701
cherry creek,430 s colorado blvd,denver,co,80246,32571
bwi elkridge landing,1610 w nursery rd,linthicum heights,md,21090,32324
salisbury university,1101 camden ave,salisbury,md,21801,31979
bowie marketplace,15505 annapolis rd,bowie,md,20715,31927
university blvd,305 university blvd,round rock,tx,78665,31893
waynesville,45 barber blvd,waynesville,nc,28786,31774
eagle pass,635 s bibb ave,eagle pass,tx,78852,31613
ga world congress center ocl,285 andrew young international blvd nw,atlanta,ga,30313,31479
aspen grove,7301 s santa fe dr unit 900,littleton,co,80120,31464
cityline,1400 e renner rd,richardson,tx,75082,31394
west hartford,509 new park ave,west hartford,ct,06110,31390
eldorado amp; ridge,6201 eldorado pkwy,mckinney,tx,75070,31324
annapolis,2025 somerville rd,annapolis,md,21401,31155
baltimorewashington int39;l airportconc d,aviation blvd amp elm road,baltimore,md,21240,31155
old orchard,9341 skokie blvd,skokie,il,60077,31059
kings island theme park ocl,6300 kings island dr,mason,oh,45040,31029
broadway amp; dartmouth,3085 s broadway,englewood,co,80113,31012
knickerbocker,1609 knickerbocker rd,san angelo,tx,76904,30984
university of texas medical branch,301 n university blvd,galveston,tx,77555,30941
west end,3210 w loop 289,lubbock,tx,79407,30912
hwy 96 amp; south shore blvd,2805 e league city pkwy,league city,tx,77573,30799
houston george bush inter39;l airport  terminal b,2800 n terminal rd,houston,tx,77032,30714
puente hills,1542 s azusa ave,city of industry,ca,91748,30676
sanford fl,4590 w state road 46,sanford,fl,32771,30372
waverly,11530 waverly center drive,charlotte,nc,28277,29589
kettering,480 e stroop rd,kettering,oh,45429,29494
march lane at i5,2628 w march ln,stockton,ca,95207,29088
centreport,4332 highway 360,fort worth,tx,76155,24556
i4 amp; hwy 27,43568 highway 27,davenport,fl,33837,23513
54th and 131,700 54th st sw,wyoming,mi,49509,23011
reagan washington national airport,1 aviation cir,washington,dc,20001,22936
salina,2245 s 9th st,salina,ks,67401,22844
cape cod,155 enterprise rd,hyannis,ma,02601,22760
i35 at 15th,1025 w i 35 frontage rd,edmond,ok,73034,22643
altoona,106 sierra dr,altoona,pa,16601,22518
willow lawn,4920 w broad st,richmond,va,23230,22335
university of nc  pembroke,1 university rd,pembroke,nc,28372,22205
okemos,2075 w grand river ave,okemos,mi,48864,22067
seekonk,1100 fall river ave,seekonk,ma,02771,22054
lohman avenue,2091 e lohman ave,las cruces,nm,88001,21892
s rice and westpark,5325 s rice ave,houston,tx,77081,21853
ellisville,304 clarkson rd,ellisville,mo,63011,21747
bluemound,1 n moorland rd,brookfield,wi,53005,21688
memorial blvd tn,2116 memorial blvd,murfreesboro,tn,37129,21562
warminster,45 w street rd,warminster,pa,18974,21472
avalon,2720 old milton pkwy,alpharetta,ga,30009,21408
troy inline with dt,1910 w main st,troy,oh,45373,21324
deland,2295 south woodland boulevard,deland,fl,32720,21261
smith crossroads,116 wilkesboro blvd se,lenoir,nc,28645,21188
dulles 28 and waxpool road,22015 dulles retail plz,sterling,va,20166,21111
palmhurst,214 east mile 3 north road,palmhurst,tx,78573,21055
hutchinson,1809 e 17th ave,hutchinson,ks,67501,21037
cascade road,3725 cascade rd sw,atlanta,ga,30331,21032
westnedge,6202 s westnedge ave,portage,mi,49002,20881
kalispell,35 treeline rd,kalispell,mt,59901,20877
charlottedouglas international airport,5501 birmingham parkway,charlotte,nc,28208,20864
west st paul,1770 robert st s,west saint paul,mn,55118,20796
hopyard road amp; 580,5785 johnson dr,pleasanton,ca,94588,20756
17th and wanamaker,1625 sw wanamaker rd,topeka,ks,66604,20517
benedict college,1600 harden st,columbia,sc,29204,20475
south square,4139 durham chapel hill blvd,durham,nc,27707,20449
e university ave,1105 e university ave,las cruces,nm,88001,20381
del sur town center,17115 camino del sur,san diego,ca,92127,20212
carowinds ocl,3900 avenue of the carolinas,fort mill,sc,29708,20203
west allis center,2645 s 108th st,west allis,wi,53227,20163
suntrust park ocl,75 off cir pkwy,atlanta,ga,30339,20156
commack,656 commack rd,commack,ny,11725,20064
hicksville ny,1401 broadway mall,hicksville,ny,11801,20003
puyallup,104 39th ave sw,puyallup,wa,98373,19893
mississippi baptist medical center,1225 n state st,jackson,ms,39202,19841
grand rapids south,1545 edgeknoll dr se,grand rapids,mi,49508,19262
brandon south,2010 bloomingdale ave,valrico,fl,33596,19004
thomson,1806 washington rd,thomson,ga,30824,18970
fayetteville towne center,875 glynn st s,fayetteville,ga,30214,18347
tech rd silver spring inline,12289 tech rd,silver spring,md,20904,18337
wilson/beltway 8,9525 n sam houston pkwy e,humble,tx,77396,18239
killeen,1400 e central texas expy,killeen,tx,76541,18213
oldsmar,3740 tampa rd,oldsmar,fl,34677,18209
columbus commons,2204 s columbus blvd,philadelphia,pa,19148,17893
kennesaw state university,398 cobb ave,kennesaw,ga,30144,17892
wake forest baptist medical center,medical center blvd,winston salem,nc,27157,17744
crofton,2691 carver rd,gambrills,md,21054,17718
temecula,40531 margarita rd,temecula,ca,92591,17677
glenbrook square,4201 coldwater rd,fort wayne,in,46805,17590
university of pikeville,137 sycamore st,pikeville,ky,41501,17526
university place,8648 jw clay blvd,charlotte,nc,28262,17523
texas state university,100 moore street bldg 30,san marcos,tx,78666,17513
palm harbor drivethru only,32800 us highway 19 n,palm harbor,fl,34684,17478
king of prussia mall,160 n gulph rd ste 1017,king of prussia,pa,19406,17448
north riverside,7201 w cermak rd,north riverside,il,60546,17416
longview mall,3500 mccann rd,longview,tx,75605,17403
university of houstonuniversity center,4700 calhoun rd,houston,tx,77004,17391
hwy 26 at precinct line,767 grapevine hwy,hurst,tx,76054,17380
lake houston,19220 w lake houston pkwy,humble,tx,77346,17355
south hills,1620 washington rd,pittsburgh,pa,15241,17355
mt dora,17240 us highway 441,mount dora,fl,32757,17351
pleasant hills,461 clairton blvd,pleasant hills,pa,15236,17327
gateway park,3444 n salida ct,aurora,co,80011,17313
perry hall shopping center,8867 belair rd,baltimore,md,21236,17312
harbour view,6212 college dr,suffolk,va,23435,17300
rivergate cordova,2354 sunrise blvd,rancho cordova,ca,95670,17299
moore road,1035 peachtree industrial blvd,suwanee,ga,30024,17297
south riding,43310 defender dr,chantilly,va,20152,17273
sloan39;s lake,1901 sheridan blvd,edgewater,co,80214,17256
woodbury town center,6428 irvine blvd,irvine,ca,92620,17238
lake worth tx,6556 lake worth blvd,lake worth,tx,76135,17236
market of hilliard,1988 hilliard rome rd,hilliard,oh,43026,17228
elmhurst,235 s il route 83,elmhurst,il,60126,17202
north haven,560 universal dr n,north haven,ct,06473,17190
ingleside,5668 baltimore national pike,catonsville,md,21228,17188
peachtree center,233 peachtree st ne  b40,atlanta,ga,30303,17172
montgomery mall pa,314 montgomery mall,north wales,pa,19454,17170
ghent,1600 monticello ave,norfolk,va,23510,17167
belden village mall,4228 belden village mall,canton,oh,44718,17163
tyson39;s west inline,8461 leesburg pike ste b,vienna,va,22182,17136
brookfield,156 federal rd,brookfield,ct,06804,17130
kennesaw state university  marietta,1100 s marietta pkwy se,marietta,ga,30060,17121
watauga,8016 denton hwy,watauga,tx,76148,17113
ross park mall,1000 ross park mall dr,pittsburgh,pa,15237,17109
columbus national,1250 n national rd,columbus,in,47201,17094
forum shopping center,8371 agora pkwy,selma,tx,78154,17087
veterans amp; college,101 s veterans pkwy,normal,il,61761,17084
state farm corp hq,1 state farm plz,bloomington,il,61710,17079
airport highway,6720 airport hwy,holland,oh,43528,17074
mall of georgia,3333 buford dr spc no1071,buford,ga,30519,17072
novato,35 rowland way,novato,ca,94945,17071
the villages,730 n us highway 441,the villages,fl,32159,17056
cityview,4913 bryant irvin rd,fort worth,tx,76132,17051
easton,28632 marlboro ave,easton,md,21601,17044
leesburg,1002 edwards ferry rd ne,leesburg,va,20176,17043
palmdale,732 w rancho vista blvd,palmdale,ca,93551,17041
louetta crossing,20608 interstate 45,spring,tx,77373,17037
lake travis,3600 ranch road 620 s ste c,bee cave,tx,78738,17036
mira mesa,10750 camino ruiz,san diego,ca,92126,17028
riverside drive,3535 riverside dr,danville,va,24541,17011
waxahachie,996 w highway 287 byp,waxahachie,tx,75165,17004
fairview heights,6203 n illinois st,fairview heights,il,62208,16977
deer park,9101 spencer hwy,la porte,tx,77571,16972
peachtree city midtown,707 highway 54,peachtree city,ga,30269,16970
university at rouse,11350 university blvd,orlando,fl,32817,16965
university of kentucky,239 student ctr,lexington,ky,40506,16951
the mall at millenia,4200 conroy rd ste 245,orlando,fl,32839,16948
hammond,1925 sw railroad ave,hammond,la,70403,16934
houma,1741 martin luther king jr blvd,houma,la,70360,16924
palm bay road,835 palm bay rd ne,melbourne,fl,32904,16921
macland crossing,2005 macland crossing cir sw,marietta,ga,30008,16918
georgia state university,66 courtland street,atlanta,ga,30303,16907
eldersburg,6032 sykesville rd,eldersburg,md,21784,16905
university of ncwilmington,601 s college rd,wilmington,nc,28403,16891
franklin avenue,4310 franklin ave,waco,tx,76710,16883
kutztown university,20 luckenbill road,kutztown,pa,19530,16878
kenwood towne centre,7875 montgomery rd spc f5,cincinnati,oh,45236,16870
indiana wesleyan university,4201 s washington st,marion,in,46953,16868
ball state university,1101 n mckinley ave,muncie,in,47306,16867
peach orchard road,3130 peach orchard rd,augusta,ga,30906,16855
osceola west hwy 192,7891 w irlo bronson memorial hwy,kissimmee,fl,34747,16854
indianapolis international airport,7800 col h weir cook mem dr,indianapolis,in,46241,16821
st charles towne center mall,11110 mall cir,waldorf,md,20603,16821
westfield sarasota square,8201 s tamiami trl,sarasota,fl,34238,16796
cockrell hill drivethru only,1535 n cockrell hill rd,dallas,tx,75211,16788
edgewater md,3220 solomons island rd,edgewater,md,21037,16786
weslaco,1200 n westgate dr,weslaco,tx,78596,16773
mowry avenue,5245 mowry ave,fremont,ca,94538,16766
sugarland crossing,46920 community plz,sterling,va,20164,16766
palm beach lakes blvd,2070 palm beach lakes blvd,west palm beach,fl,33409,16761
mall at fairfield commons,2727 fairfield commons blvd,beavercreek,oh,45431,16755
viewmont,1239 2nd st ne,hickory,nc,28601,16751
i20 and little road,4412 little rd,arlington,tx,76016,16742
fairfield towne center,28644 highway 290,cypress,tx,77433,16741
gardens on havana,1198 s havana st,aurora,co,80012,16738
colfax amp; garfield drivethru only,3725 e colfax ave,denver,co,80206,16736
harrisonburg,1691 e market st,harrisonburg,va,22801,16734
covenant medical ctr methodist hosp,3615 19th st,lubbock,tx,79410,16732
university of the incarnate word,4301 broadway st,san antonio,tx,78209,16725
the woodlands at college park,3425 college park dr,conroe,tx,77384,16724
south bay,18200 hawthorne blvd,torrance,ca,90504,16717
nottingham square,5198 campbell blvd,baltimore,md,21236,16705
broad ripple,6231 n keystone ave,indianapolis,in,46220,16697
deerbrook mall,20131 highway 59 n ste 2106,humble,tx,77338,16690
polaris parkway,8787 sancus blvd,columbus,oh,43240,16682
heritage towne crossing,3003 state highway 121,euless,tx,76039,16679
larkridge,16670 washington st,thornton,co,80023,16674
west schaumburg,90 barrington rd,schaumburg,il,60194,16672
steeplechase,9121 alaking ct,capitol heights,md,20743,16670
md anderson hospital,1515 holcombe blvd,houston,tx,77030,16661
panama city mall,2238 n cove blvd,panama city,fl,32405,16658
maitland boulevard,8673 summit centre way,orlando,fl,32810,16655
university of north carolina hospitalbeach,1 medical dr,chapel hill,nc,27599,16655
shops at rossmoor,12101 seal beach blvd,seal beach,ca,90740,16650
bloomington east,3020 e 3rd st,bloomington,in,47401,16638
frostburg state university,stadium road,frostburg,md,21532,16633
south florida avenue,4625 s florida ave,lakeland,fl,33813,16632
palm beach atlantic university,1100 n dixie hwy,west palm beach,fl,33401,16627
twin creeks village,902 w mcdermott dr,allen,tx,75013,16624
grovetown,210 meridian drive,grovetown,ga,30813,16620
paducah,5193 hinkleville rd,paducah,ky,42001,16618
fort oglethorpe,1137 battlefield pkwy,fort oglethorpe,ga,30742,16606
university of new orleans,university ctr rm 250,new orleans,la,70148,16602
whispering creek,6104 n navarro st,victoria,tx,77904,16566
north pointe plaza md,2736 n salisbury blvd,salisbury,md,21801,16565
mercer university,1400 coleman ave,macon,ga,31207,16554
grady memorial hospital,80 jesse hill jr dr se,atlanta,ga,30303,16547
east longview,507 e loop 281,longview,tx,75605,16546
heartland mall,306 early blvd,early,tx,76802,16546
lynnhaven mall,701 lynnhaven pkwy,virginia beach,va,23452,16538
lower nazareth,3750 dryland way,easton,pa,18045,16536
willowbrook,7101 kingery hwy,willowbrook,il,60527,16535
cinco ranch,23860 westheimer pkwy,katy,tx,77494,16528
the colony,3705 main st,the colony,tx,75056,16518
sudley manor drive,10677 sudley manor dr,manassas,va,20109,16513
tampa international airportmain terminal,4100 george j bean pkwy,tampa,fl,33607,16506
harvard park,4001 richmond rd,warrensville heights,oh,44122,16504
las colinas,5350 n macarthur blvd,irving,tx,75038,16501
university town center irvine,4127 campus dr,irvine,ca,92612,16497
pike street,680 duluth hwy,lawrenceville,ga,30046,16494
morgan state university,1700 e cold spring ln,baltimore,md,21251,16487
main street,749 w main st  fm1171,lewisville,tx,75067,16484
merrillville,2385 southlake mall,merrillville,in,46410,16479
university of north florida,1 u n f dr,jacksonville,fl,32224,16474
college street,3825 college st,beaumont,tx,77701,16468
university of houstonthe satellite,3801 cullen blvd,houston,tx,77004,16464
new tampa at i75,17513 bruce b downs blvd,tampa,fl,33647,16464
columbia mall md,10300 little patuxent pkwy  1092,columbia,md,21044,16459
north monroe street,2136 n monroe st,tallahassee,fl,32303,16459
pine island road,1790 ne pine island rd,cape coral,fl,33909,16455
plainfield,2687 e main st,plainfield,in,46168,16453
valley hills mall,1960 us highway 70 se ste 2121,hickory,nc,28602,16453
lionville,211 eagleview blvd,exton,pa,19341,16452
hawks creek,6650 westworth blvd,westworth village,tx,76114,16450
signal hill,9506 liberia ave,manassas,va,20110,16450
west texas aamp;m university,jbk student ctr,canyon,tx,79016,16449
seminole towne center,260 towne center cir,sanford,fl,32771,16445
university of maryland baltimore county,1000 hilltop cir,baltimore,md,21250,16443
greenbrier mall va,1401 greenbrier pkwy ste 2010,chesapeake,va,23320,16440
southpark mall il,4500 16th st,moline,il,61265,16430
salem crossing,2013 lynnhaven pkwy,virginia beach,va,23456,16422
104th amp; federal,10280 federal blvd,denver,co,80260,16421
sunnyvale,550 w el camino real,sunnyvale,ca,94087,16412
denton towne crossing,1711 s loop 288,denton,tx,76205,16411
valley view boulevard,4805 valley view blvd nw,roanoke,va,24012,16394
beavercreek,2360 n fairfield rd,beavercreek,oh,45431,16391
town center at aurora,14200 e alameda ave unit 2062,aurora,co,80012,16389
greenbriar mall ga,2841 greenbriar pkwy sw,atlanta,ga,30331,16382
orlando ave at fairbanks,700 s orlando ave,winter park,fl,32789,16379
tyndall parkway,401 n tyndall pkwy,panama city,fl,32404,16372
pensacola international airport,2430 airport blvd,pensacola,fl,32504,16371
vernon hills,701 n milwaukee ave ste 360,vernon hills,il,60061,16369
quarry creek,3475 marron rd,oceanside,ca,92056,16367
mechanicsburg,6416 carlisle pike ste 3500,mechanicsburg,pa,17050,16361
oaks mall,6419 w newberry rd ste g8,gainesville,fl,32605,16361
temple terrace,5302 e fowler ave,temple terrace,fl,33617,16357
fort collins,3605 s college ave,fort collins,co,80525,16356
dallas baptist university,3000 mountain creek pkwy,dallas,tx,75211,16356
grapevine hwy and midcities blvd,460 grapevine hwy,hurst,tx,76054,16356
longmont,215 ken pratt blvd,longmont,co,80501,16355
portsmouth blvd,4204 portsmouth blvd,chesapeake,va,23321,16353
southport road,5240 e southport rd,indianapolis,in,46237,16350
rome dwarf house,264 shorter ave nw,rome,ga,30165,16349
westpointe village,1663 w state highway 46,new braunfels,tx,78132,16349
the citadel,750 citadel dr e ste 2252,colorado springs,co,80909,16348
orlando square,1800 sand lake rd,orlando,fl,32809,16340
the shops at la cantera,15900 la cantera pkwy ste 12000,san antonio,tx,78256,16338
castle rock,346 metzler dr,castle rock,co,80108,16337
yorba linda,22450 old canal rd,yorba linda,ca,92887,16335
mitchell ranch plaza,9040 state road 54,trinity,fl,34655,16334
university of delaware,17 w main street,newark,de,19713,16323
denver west,14730 w colfax avenue,lakewood,co,80401,16323
greeley,4555 centerplace dr,greeley,co,80634,16322
georgia college and state university,231 w hancock st,milledgeville,ga,31061,16318
schaumburg,935 e golf rd,schaumburg,il,60173,16315
dfw airport  terminal e,international parkway,dfw airport,tx,75261,16312
saint simons,2205 demere rd,saint simons island,ga,31522,16311
north orange,2575 n tustin st,orange,ca,92865,16305
north shore square,150 northshore blvd ste 5024,slidell,la,70460,16304
thomas road,203 thomas rd,west monroe,la,71291,16302
fort valley state university,1005 state university dr,fort valley,ga,31030,16302
germantown town center,19945 century blvd,germantown,md,20874,16302
frederick md,5501 urbana pike,frederick,md,21704,16300
lake city,3200 w us highway 90,lake city,fl,32055,16298
greatwood,20010 southwest fwy,sugar land,tx,77479,16295
whitehall commons shopping center,8032 s tryon st,charlotte,nc,28273,16292
bowie,16503 ballpark rd,bowie,md,20716,16291
lake brandon village,11325 causeway blvd,brandon,fl,33511,16289
magnolia,6543 fm 1488 rd,magnolia,tx,77354,16289
franklin park mall,5001 monroe st ste fc10,toledo,oh,43623,16288
happy valley,1938 n atherton st,state college,pa,16803,16287
state and lake inline,177 n state st,chicago,il,60601,16280
i35/slaughter,161 w slaughter ln ste m,austin,tx,78748,16276
christiana mall,204 christiana mall,newark,de,19702,16261
okeechobee and turnpike,6060 okeechobee blvd,west palm beach,fl,33417,16260
north point mall,2180 n point cir,alpharetta,ga,30022,16258
lincoln at washington drivethru only,4050 lincoln blvd,venice,ca,90292,16257
dayton international airport,3600 terminal rd,vandalia,oh,45377,16255
kemah,321 marina bay dr,clear lake shores,tx,77565,16253
hwy 6 amp; bellaire,6895 highway 6 s,houston,tx,77083,16252
north lakeland,4132 us highway 98 n,lakeland,fl,33809,16249
green mount commons,2532 green mount commons,belleville,il,62221,16241
pleasant grove,912 pleasant grove blvd,roseville,ca,95678,16237
granbury,1011 e highway 377,granbury,tx,76048,16235
northlake festival,3967 lavista rd,tucker,ga,30084,16232
lake conroe parkway,1321 w davis st,conroe,tx,77304,16231
dallas love field,8008 cedar springs rd,dallas,tx,75235,16228
university of texasdallas,2601 n floyd rd,richardson,tx,75080,16218
white rock,9111 garland rd,dallas,tx,75218,16218
veterans memorial blvd,3870 veterans memorial blvd,metairie,la,70002,16214
southern university,133 smith brown,baton rouge,la,70813,16213
tyler junior college,s baxter st,tyler,tx,75798,16211
ambassador caffery parkway,3806 ambassador caffery pkwy,lafayette,la,70503,16211
highlands ranch town center,950 cpl max donahue ln,highlands ranch,co,80129,16210
sandy springs,5925 roswell rd ste c,atlanta,ga,30328,16210
galleria i,5015 westheimer rd ste 1330,houston,tx,77056,16208
brandywine,16003 crain hwy,brandywine,md,20613,16208
eisenhower parkway,5055 brookhaven rd,macon,ga,31206,16208
malabar road,1130 malabar rd se,palm bay,fl,32907,16199
regency square va,1404 n parham rd spc fc101,richmond,va,23229,16197
coit amp; spring creek,6240 coit rd,plano,tx,75023,16197
circle centre mall,49 w maryland st spc vc10,indianapolis,in,46204,16193
siegen lane,7055 siegen ln  17,baton rouge,la,70809,16191
west longview,1740 w loop 281,longview,tx,75604,16190
silver spring inline,825 ellsworth dr lot d1a,silver spring,md,20910,16187
wallingford,1098 n colony rd,wallingford,ct,06492,16187
thousand oaks boulevard drivethru only,3771 e thousand oaks blvd,westlake village,ca,91362,16185
perimeter mall,4400 ashford dunwoody rd ne,atlanta,ga,30346,16184
rivermont station,8475 holcomb bridge rd,alpharetta,ga,30022,16183
milford plaza,698 n dupont blvd  c,milford,de,19963,16182
ventura,1321 eastman ave,ventura,ca,93003,16181
houston center,1200 mckinney st ste 363,houston,tx,77010,16181
la palmera mall,5488 s padre island dr ste 1014,corpus christi,tx,78411,16180
shrewsbury,14665 mount airy rd,shrewsbury,pa,17361,16174
the market place,13490 jamboree rd,irvine,ca,92602,16171
st johns town center,4625 town center pkwy,jacksonville,fl,32246,16169
enfield,25 hazard ave,enfield,ct,06082,16168
lake highlands inline dt,6176 retail rd ste 100,dallas,tx,75231,16165
covington  highway 21,69280 highway 21,covington,la,70433,16165
wake forest,11730 retail dr,wake forest,nc,27587,16161
houston baptist university,7502 fondren rd,houston,tx,77074,16161
stone mountain,5075 stone mountain hwy,stone mountain,ga,30087,16158
southern hills drive,4110 southern hills dr sw,roanoke,va,24014,16155
long beach,7681 carson blvd,long beach,ca,90808,16153
grand junction,522 bogart ln,grand junction,co,81505,16148
mendocino avenue,1452 mendocino ave,santa rosa,ca,95401,16138
denver international airport,8500 pena blvd,denver,co,80249,16136
north olmsted,4779 great northern blvd,north olmsted,oh,44070,16135
kensington square,4481 fm 2181,corinth,tx,76210,16134
miami lakes,16100 nw 57th avenue,miami lakes,fl,33014,16130
greenwood park mall in,1251 us highway 31 n  c19,greenwood,in,46142,16130
tyrone boulevard,2471 tyrone blvd n,saint petersburg,fl,33710,16129
orange avenue,2885 s orange ave,orlando,fl,32806,16128
jacksonville university,2800 university blvd n,jacksonville,fl,32211,16124
western carolina university,1 university dr,cullowhee,nc,28723,16124
ucla inline,900 westwood blvd,los angeles,ca,90024,16115
university of texas  rio grande valley,1201 w university dr,edinburg,tx,78539,16110
university of louisiana lafayette,600 mckinley st,lafayette,la,70503,16109
garden of the gods,575 garden of the gods rd,colorado springs,co,80907,16108
sam nunn blvd,1363 sam nunn blvd,perry,ga,31069,16099
millerville road,1919 millerville rd,baton rouge,la,70816,16095
lenox square,3393 peachtree rd ne,atlanta,ga,30326,16094
state farm south campus,1 state farm plz,bloomington,il,61710,16093
northeast tower,4670 roosevelt blvd,philadelphia,pa,19124,16092
largo,10075 ulmerton rd,largo,fl,33771,16087
college mall,2856 e 3rd st spc c9,bloomington,in,47401,16083
brighton,2035 prairie center pkwy,brighton,co,80601,16081
zaragosa road,1840 n zaragoza rd,el paso,tx,79936,16079
dowlen road,4050 dowlen rd,beaumont,tx,77706,16074
merritt square mall,777 e merritt island cswy ste 164,merritt island,fl,32952,16073
canton crossing,3809 boston st,baltimore,md,21224,16072
camden town center,4044 s dupont hwy,camden,de,19934,16071
loyola water tower inline,30 e chicago ave,chicago,il,60611,16071
dayton mall,2700 miamisburgctrvil rd 212,dayton,oh,45459,16070
dobbin center,6375 dobbin rd,columbia,md,21045,16068
peachtree ind amp; pleasant hill,3555 peachtree industrial blvd,duluth,ga,30096,16068
nine mile road,1757 e nine mile rd,pensacola,fl,32514,16063
capital centre,1040 shoppers way,largo,md,20774,16061
georgia building authority,1 martin luther king jr dr sw,atlanta,ga,30334,16060
alexandria mall,3437 masonic dr,alexandria,la,71301,16059
quebec street,3601 quebec st,denver,co,80207,16056
kingsland,1369 ga highway 40 e,kingsland,ga,31548,16056
moline,3831 41st avenue dr,moline,il,61265,16054
marley station,7900 ritchie hwy spc e113,glen burnie,md,21061,16052
denham springs,2341 s range ave,denham springs,la,70726,16051
lake dow,860 highway 81 e,mcdonough,ga,30252,16051
sprayberry,2530 sandy plains rd,marietta,ga,30066,16050
south bend,4555 s michigan st,south bend,in,46614,16045
golden isles plaza,70 golden isles plz,brunswick,ga,31520,16044
bangor,605 stillwater ave,bangor,me,04401,16043
chapel hills mall,1710 briargate blvd ste 456,colorado springs,co,80920,16037
gloucester,6780 waltons ln,gloucester,va,23061,16034
corridor market place,3366 corridor market place,laurel,md,20724,16033
chambers and parker road,5600 s parker rd,aurora,co,80015,16031
niceville,1348 john sims pkwy e,niceville,fl,32578,16030
aberdeen,1001 beards hill rd,aberdeen,md,21001,16025
the parks at arlington,3811 s cooper st,arlington,tx,76015,16024
macon road,2421 wynnton rd,columbus,ga,31906,16022
houston george bush inter39;l airport  terminal a,2800 n terminal rd,houston,tx,77032,16016
lee vista,6350 s semoran blvd,orlando,fl,32822,16009
north dale mabry,15801 n dale mabry hwy,carrollwood,fl,33618,16008
fairmont parkway,5104 fairmont pkwy,pasadena,tx,77505,16007
western boulevard,1405 western blvd,jacksonville,nc,28546,16003
west monroe drivethru only,911 glenwood dr,west monroe,la,71291,16000
state farm  corporate south h,3 state farm plz,bloomington,il,61791,15998
southside blvd at the avenues,9980 southside blvd,jacksonville,fl,32256,15998
university of floridabroward complex,60 inner rd,gainesville,fl,32611,15997
lufkin mall,4600 s medford dr ste 1262,lufkin,tx,75901,15996
ingram park,6565 ingram rd,san antonio,tx,78238,15994
north dover,1440 n dupont hwy,dover,de,19901,15993
loveland,1545 rocky mountain ave,loveland,co,80538,15992
martin plaza,1202 martin blvd,middle river,md,21220,15987
pooler,180 pooler pkwy,pooler,ga,31322,15985
winston salem state university,601 s martin luther king jr dr,winston salem,nc,27110,15981
north point parkway,6085 n point pkwy,alpharetta,ga,30022,15979
southeastern university,1000 longfellow blvd,lakeland,fl,33801,15975
lombard,717 e butterfield rd,lombard,il,60148,15973
hampden and i25,7785 e hampden ave,denver,co,80231,15970
humble,19707 highway 59 n,humble,tx,77338,15968
robson crossing,3405 atlanta hwy,flowery branch,ga,30542,15967
louisiana technical university,wisteria student center rm 208,ruston,la,71272,15962
exeter,4675 perkiomen ave,reading,pa,19606,15961
townmall of westminster,400 n center st ste 243,westminster,md,21157,15958
johns hopkins road,10975 johns hopkins rd,laurel,md,20723,15958
st matthews,5001 shelbyville rd,louisville,ky,40207,15953
acadiana mall,5725 johnston st  a266,lafayette,la,70503,15951
regency park,9398 atlantic blvd,jacksonville,fl,32225,15951
lindle road,4655 lindle rd,harrisburg,pa,17111,15949
spring hill,13143 cortez blvd,brooksville,fl,34613,15947
flatiron,2580 coalton rd,superior,co,80027,15945
perimeter at hammond drive,4350 ashford dunwoody rd ne,atlanta,ga,30346,15945
towson university,8000 york rd,towson,md,21252,15938
california university of pennsylvania,250 university ave,california,pa,15419,15928
mercury boulevard,110 market place dr,hampton,va,23666,15927
salem,1353 w main st,salem,va,24153,15917
miracle mile,4040 william penn hwy,monroeville,pa,15146,15915
panama city beach,11428 panama city beach pkwy,panama city,fl,32407,15915
texas woman39;s university,420 administration dr,denton,tx,76201,15915
university of south florida,4202 e fowler ave,tampa,fl,33620,15911
wells road,1925 wells rd,orange park,fl,32073,15911
university of marylandcollege park,1150 s campus dining hall,college park,md,20742,15905
montgomeryville,794 bethlehem pike,montgomeryville,pa,18936,15904
north valdosta,3147 inner perimeter rd,valdosta,ga,31602,15903
lake ridge,4101 old bridge road,woodbridge,va,22192,15902
laurel,13600 baltimore ave ste 600,laurel,md,20707,15902
weatherford,2525 s main st,weatherford,tx,76087,15900
queen city centre,221 williams st,cumberland,md,21502,15892
parkway plaza,877 lynnhaven pkwy,virginia beach,va,23452,15890
city base landing,3214 se military dr,san antonio,tx,78223,15888
usc inline,3758 s figueroa st,los angeles,ca,90007,15887
alico road,9980 interstate commerce dr,fort myers,fl,33913,15887
university of marylandeastern shore,30617 backbone road,princess anne,md,21853,15883
mall of georgia on buford drive,3235 buford dr,buford,ga,30519,15882
pantops,1626 richmond rd,charlottesville,va,22911,15881
seven corners inline,6108c arlington blvd,falls church,va,22044,15881
chambersburg,970 norland ave,chambersburg,pa,17201,15880
orlando international airport,9333 airport blvd,orlando,fl,32827,15877
lake worth south,6275 lantana rd,greenacres,fl,33463,15876
short pump town center,11800 w broad st ste 1008,richmond,va,23233,15874
the shops at willow lawn,1601 willow lawn dr,richmond,va,23230,15872
mcdonough,1321 highway 20 w,mcdonough,ga,30253,15872
danbury fair mall,chickfila at danbury fair mall,danbury,ct,06810,15872
jefferson pointe,1725 apple glen blvd,fort wayne,in,46804,15871
dwarf house chickfila classics,726 mount berry sq ne,rome,ga,30165,15865
copperas cove,202 robert griffin iii blvd,copperas cove,tx,76522,15860
new albany,2225 state st,new albany,in,47150,15858
west midland,5120 andrews hwy,midland,tx,79703,15858
rockford,280 n perryville rd,rockford,il,61107,15858
marietta trade center,170 cobb pkwy s,marietta,ga,30060,15856
alameda avenue,14310 e alameda ave,aurora,co,80012,15855
baltimorewashington international airport,aviation boulevard amp elm road,baltimore,md,21240,15848
southern illinois universityedwardsville,university ctr,edwardsville,il,62026,15843
mishawaka main street,5517 n main st,mishawaka,in,46545,15841
district heights,5502 silver hill rd,district heights,md,20747,15839
greenwood,155 s marlin dr,greenwood,in,46142,15837
wendover,1100 lanada rd,greensboro,nc,27407,15828
ashbridge square,845 e lancaster ave,downingtown,pa,19335,15827
drexel university,203 n 34th st,philadelphia,pa,19104,15827
lansdowne station,3599 washington blvd,baltimore,md,21227,15823
lake park,1197 lakes blvd,lake park,ga,31636,15819
loucks road,922 loucks rd,york,pa,17404,15814
middletown de,701 s ridge ave,middletown,de,19709,15811
delaware state university,1200 n dupont hwy,dover,de,19901,15810
pembroke lakes mall,11401 pines blvd ste 466,pembroke pines,fl,33026,15806
120th amp; washington,1301 e 120th ave,thornton,co,80233,15806
severna park,511 ritchie hwy,severna park,md,21146,15801
lee crossings,1202 us highway 19 s,leesburg,ga,31763,15799
medical college of virginia,403 n 13th st,richmond,va,23298,15798
castleton square,6020 e 82nd st ste 1012,indianapolis,in,46250,15798
east york,2801 e market st,york,pa,17402,15798
huebner amp; babcock,5803 babcock rd,san antonio,tx,78240,15790
lilburn,4801 lawrenceville hwy nw,lilburn,ga,30047,15790
willowbrook mall,1174 willowbrook mall,houston,tx,77070,15782
hagerstown,1680 wesel blvd,hagerstown,md,21740,15780
el dorado amp; toll road,5211 eldorado pkwy,frisco,tx,75033,15779
jackson ave,1300 e jackson ave,mcallen,tx,78503,15779
quarterfield crossing,7831 quarterfield park road,severn,md,21144,15779
champions center,3588 highway 114,fort worth,tx,76177,15778
south warner robins,790 highway 96,bonaire,ga,31005,15772
gause blvd,1645 gause blvd,slidell,la,70458,15758
parker,9335 crown crest blvd,parker,co,80138,15757
willis,12310 old montgomery rd,willis,tx,77318,15756
justin road,2001 justin rd,flower mound,tx,75028,15755
turfland,2025 harrodsburg rd,lexington,ky,40504,15753
kingwood,4594 kingwood dr,kingwood,tx,77345,15753
university of pikeville,810 hambley blvd,pikeville,ky,41501,15750
hinesville,877 w oglethorpe hwy,hinesville,ga,31313,15749
hartsfieldjackson atlanta int39;l airport  conc c,7700 spine rd,atlanta,ga,30320,15748
madison avenue,24794 madison ave,murrieta,ca,92562,15746
stuart,2930 se federal hwy,stuart,fl,34994,15744
university place nc,201 s estes dr spc 51,chapel hill,nc,27514,15743
griffin,1000 w taylor st,griffin,ga,30223,15742
indian river road,5409 indian river rd,virginia beach,va,23464,15741
stratford hills,7125 forest hill ave,richmond,va,23225,15737
old dominion university,1200 webb ctr,norfolk,va,23529,15733
west 7th,549 carroll st,fort worth,tx,76107,15732
town east mall,3054 town east mall,mesquite,tx,75150,15732
quakertown,602 n west end blvd,quakertown,pa,18951,15730
jonesboro dwarf house,7348 tara blvd,jonesboro,ga,30236,15728
santee,9418 mission gorge rd,santee,ca,92071,15726
forest hill,1980 rock spring rd,forest hill,md,21050,15724
marketplace at hilltop,749 first colonial rd,virginia beach,va,23451,15723
sawgrass square,12600 w sunrise blvd,sunrise,fl,33323,15717
eagles landing,1275 eagles landing pkwy,stockbridge,ga,30281,15713
bear,1101 quintilio dr,bear,de,19701,15710
waldorf,3365 crain hwy,waldorf,md,20603,15706
north carefree,3710 bloomington st,colorado springs,co,80922,15704
wells fargo bank,1525 w w t harris blvd,charlotte,nc,28262,15704
oakwood center,197 westbank expy ste 1685,gretna,la,70053,15702
university of ncgreensboro elliott center,516 stirling st,greensboro,nc,27412,15699
saxon boulevard,1141 saxon blvd,orange city,fl,32763,15696
oakleaf town center,9630 applecross rd,jacksonville,fl,32222,15694
university and highlands ranch pkwy,3700 e highlands ranch pkwy,highlands ranch,co,80126,15687
concord township,20 state farm dr,glen mills,pa,19342,15684
northlake boulevard,1262 northlake blvd,lake park,fl,33403,15684
royal palm beach,206 s state road 7,west palm beach,fl,33414,15681
spotsylvania towne centre,8020 spotsylvania mall,fredericksburg,va,22407,15680
muncie,511 w mcgalliard rd,muncie,in,47303,15679
university at forsyth,3391 university blvd,winter park,fl,32792,15679
perrysburg plaza,10315 fremont pike,perrysburg,oh,43551,15671
valencia town center,24180 magic mountain pkwy,santa clarita,ca,91355,15669
georgia tech,350 ferst dr,atlanta,ga,30332,15664
oswego,2740 us highway 34,oswego,il,60543,15661
chambers town center,8738 n highway 146,baytown,tx,77523,15659
rutherford crossing,112 market st,winchester,va,22603,15642
colerain commons,9496 colerain ave,cincinnati,oh,45251,15626
belmar,565 s vance st,lakewood,co,80226,15624
madison avenue sacramento,4644 madison ave,sacramento,ca,95841,15621
bloomsburg university,400 e 2nd st,bloomsburg,pa,17815,15619
james madison university,msc 902,harrisonburg,va,22807,15611
kent island,1845 main st,chester,md,21619,15608
paddock mall,3100 sw college rd,ocala,fl,34474,15607
park place,7020 us highway 19 n,pinellas park,fl,33781,15607
anderson university,1100 e 5th st,anderson,in,46012,15601
university of houstondowntown,1 main st,houston,tx,77002,15599
avon,10791 e us highway 36,avon,in,46123,15596
valley ranch,11877 n grand pkwy e,new caney,tx,77357,15595
i10 and uvalde,13720 east fwy,houston,tx,77015,15592
university of north texas,po box 310877,denton,tx,76203,15590
weston,15990 sw 41st st,davie,fl,33331,15590
eastland mall in,800 n green river rd,evansville,in,47715,15589
the woodlands mall,1201 lake woodlands dr ste 2146,the woodlands,tx,77380,15587
hartsfieldjackson atlanta int39;l airport  conc a,6000 n terminal pkwy,atlanta,ga,30320,15585
tomball,14314 fm 2920 rd,tomball,tx,77377,15572
pleasant hill dwarf house,1570 pleasant hill rd,duluth,ga,30096,15572
university of louisiana monroe,700 university ave,monroe,la,71209,15568
taylor university,236 w reade ave,upland,in,46989,15561
south walton,52 scenic gulf dr,miramar beach,fl,32550,15560
main street va,1018 n main st,suffolk,va,23434,15558
university of texasel paso,500 w university,el paso,tx,79968,15550
liberty place,1625 chestnut st ste f8,philadelphia,pa,19103,15550
la plata,107 drury dr,la plata,md,20646,15547
ridley,405 macdade blvd,folsom,pa,19033,15545
treasure coast square,3278 nw federal hwy,jensen beach,fl,34957,15545
radford university,fairfax street,radford,va,24142,15542
orange park mall,1910 wells rd,orange park,fl,32073,15540
grapevine,1245 william d tate ave,grapevine,tx,76051,15540
frankford road,4523 frankford rd,dallas,tx,75287,15539
short pump crossing,3380 pump rd,richmond,va,23233,15539
cross pointe,7101 e indiana st,evansville,in,47715,15539
mohegan sun resort,1 mohegan sun blvd,uncasville,ct,06382,15538
william p hobby airport,7800 airport blvd,houston,tx,77061,15531
st cloud,4360 13th st,saint cloud,fl,34769,15531
parham road,1529 n parham rd,richmond,va,23229,15530
vacaville commons,2081 harbison dr,vacaville,ca,95687,15527
springfield inline dt,6681a backlick rd,springfield,va,22150,15523
audubon,680 s trooper rd,norristown,pa,19403,15521
mooretown road,6732 mooretown rd,williamsburg,va,23188,15521
i35/parmer lane,12901 i35 n service road bldg 14,austin,tx,78753,15517
lake buena vista,13448 s apopka vineland rd,orlando,fl,32821,15517
moultrie,502 lane st,moultrie,ga,31768,15512
oxnard,2040 n rose ave,oxnard,ca,93036,15510
harvey,1128 manhattan blvd,harvey,la,70058,15508
norfolk state university,700 park ave,norfolk,va,23504,15506
epps bridge,1870 epps bridge pkwy,athens,ga,30606,15504
white oaks,2431 wabash ave,springfield,il,62704,15502
lima,1190 w baltimore pike,media,pa,19063,15499
haymarket,15180 washington st,haymarket,va,20169,15492
western kentucky universitytower food court,1770 avenue of champions,bowling green,ky,42101,15484
glenwood place,401 bill kennedy way se,atlanta,ga,30316,15484
erie,7160 peach st,erie,pa,16509,15481
waverly place,411 colonades way,cary,nc,27518,15479
rehoboth beach,19531 coastal hwy,rehoboth beach,de,19971,15478
hampton amp; i20,2429 w wheatland rd,dallas,tx,75237,15474
southern illinois university  carbondale,1255 lincoln dr,carbondale,il,62901,15460
st vincent39;s medical center,1 shircliff way,jacksonville,fl,32204,15458
founders square,2001 long prairie rd,flower mound,tx,75022,15456
jett ferry road,2480 jett ferry rd,dunwoody,ga,30338,15452
southeastern louisiana university  war memorial,303 west texas avenue,hammond,la,70402,15451
longwood university,156 s south st,farmville,va,23901,15449
dfw airport  terminal c,international parkway,dallas,tx,75261,15441
river city marketplace,14020 lunar dr,jacksonville,fl,32218,15440
gurnee,6550 grand ave,gurnee,il,60031,15440
town center at boca raton,6000 glades rd ste 1166c,boca raton,fl,33431,15439
liberty university  tilley,1971 university blvd,lynchburg,va,24502,15437
greenville inline dt,3130 interstate highway 30,greenville,tx,75402,15435
saxony amp; i69,14098 bergen blvd,noblesville,in,46060,15432
lake charles,3435 nelson rd,lake charles,la,70605,15431
arundel mills,7055 arundel mills cir,hanover,md,21076,15430
melbourne square,1700 w new haven ave ste 407,melbourne,fl,32904,15424
the mall at wellington green,10300 w forest hill blvd ste fc108,wellington,fl,33414,15423
lakewood,4895 candlewood st,lakewood,ca,90712,15422
orland park,15605 s la grange rd,orland park,il,60462,15422
clevelandhopkins international airport,5300 riverside dr,cleveland,oh,44135,15421
sand lake road,7333 w sand lake rd,orlando,fl,32819,15418
katy green,19303 katy fwy,houston,tx,77094,15416
lafayette,3836 south street,lafayette,in,47905,15407
university of mary hardin  baylor,900 college st,belton,tx,76513,15406
georgia street,2525 s georgia st,amarillo,tx,79109,15405
edinburg,1360 w university dr,edinburg,tx,78539,15404
montrose crossing inline,12001 rockville pike,rockville,md,20852,15401
neshaminy mall,307 neshaminy mall,bensalem,pa,19020,15399
constant friendship,408 constant friendship blvd,abingdon,md,21009,15387
centre at glen burnie,6709 ritchie hwy,glen burnie,md,21061,15385
custer amp; 121,8700 state highway 121,mckinney,tx,75070,15383
first colony center,45150 first colony way,california,md,20619,15382
sugarloaf corporate center,2020 satellite blvd,duluth,ga,30097,15382
harker heights tx,201 e central texas expy,harker heights,tx,76548,15381
statesboro,352 northside drive,statesboro,ga,30458,15381
dressler road,5411 dressler rd nw,north canton,oh,44720,15381
monticello marketplace,4610 monticello ave,williamsburg,va,23188,15378
mechanicsville,7285 battle hill dr,mechanicsville,va,23111,15376
mandarin,3280 oak bluff ln,jacksonville,fl,32257,15374
the gardens,3101 pga blvd ste l209,palm beach gardens,fl,33410,15373
northeast georgia medical center,743 spring st ne,gainesville,ga,30501,15370
trinity mills,2652 old denton rd,carrollton,tx,75007,15369
kenner,2236 veterans blvd,kenner,la,70062,15364
beachwood place mall,26300 cedar rd ste 1105,beachwood,oh,44122,15361
cuyahoga community college,2900 community college ave,cleveland,oh,44115,15359
medical center of columbus,710 center st,columbus,ga,31901,15356
king of prussia,135 w dekalb pike,king of prussia,pa,19406,15356
winterville,4239 winterville pkwy,winterville,nc,28590,15350
ingram park mall,6301 nw loop 410 ste vc9,san antonio,tx,78238,15344
ocala,3445 sw college rd,ocala,fl,34474,15341
belleview shores,5260 s wadsworth blvd,littleton,co,80123,15338
lakeline mall,11200 lakeline mall dr ste vc2,cedar park,tx,78613,15333
stanford station shopping center,900 w 23rd st,panama city,fl,32405,15333
plymouth meeting mall,500 w germantown pike ste 2265,plymouth meeting,pa,19462,15332
wichita falls,3704 call field rd,wichita falls,tx,76308,15332
westheimer amp; fondren,8609 westheimer rd,houston,tx,77063,15331
wake forest university,1834 wake forest dr,winston salem,nc,27109,15319
southpoint,9900 southpoint pkwy,fredericksburg,va,22407,15317
s orange blossom trl,7415 s orange blossom trl,orlando,fl,32809,15312
southlands,24400 e smoky hill rd,aurora,co,80016,15297
martinsville,400 liberty st,martinsville,va,24112,15297
youree drive,7010 youree dr,shreveport,la,71105,15295
savannah mall,14045 abercorn st ste 2604,savannah,ga,31419,15295
colorado mesa university,1455 n 12th st,grand junction,co,81501,15290
texas tech university,15th and akron,lubbock,tx,79409,15285
wadsworth blvd at 80th avenue,7809 wadsworth blvd,arvada,co,80003,15284
the rim,18203 w interstate 10,san antonio,tx,78257,15280
st agnes hospital,900 caton ave,baltimore,md,21229,15279
waterford lakes town center,633 n alafaya trl,orlando,fl,32828,15274
fayetteville dwarf house,221 banks sta,fayetteville,ga,30214,15271
western kentucky university,1 big red way,bowling green,ky,42101,15268
mount prospect,950 n elmhurst rd,mount prospect,il,60056,15257
westheimer amp; kirkwood,2606 s kirkwood rd,houston,tx,77077,15257
purcellville,165 purcellville gateway dr,purcellville,va,20132,15251
berkshire mall,1665 state hill rd ste 930,wyomissing,pa,19610,15249
elkton,1100 e pulaski hwy,elkton,md,21921,15247
eastpoint,7907 eastern ave,baltimore,md,21224,15247
port charlotte,1814 tamiami trl,port charlotte,fl,33948,15243
mercedesbenz stadium ocl,441 martin luther king jr dr nw,atlanta,ga,30313,15241
madison ga,1781 eatonton rd,madison,ga,30650,15238
lincoln at washington,4050 lincoln blvd,venice,ca,90292,15237
bridgewater falls,3403 princeton rd,hamilton,oh,45011,15236
university of louisville,2100 s floyd st,louisville,ky,40208,15232
whittwood,15600 whittier blvd,whittier,ca,90603,15230
pasadena crossroads,8110 jumpers hole rd,pasadena,md,21122,15228
newtown,4 west rd,newtown,pa,18940,15220
louisiana state university,2nd floor tiger lair food court,baton rouge,la,70803,15220
marsh landing pkwy,590 marsh landing pkwy,jacksonville beach,fl,32250,15216
howell mill,1942 howell mill rd nw,atlanta,ga,30318,15214
lakeside shopping center,3301 veterans memorial blvd ste 78f,metairie,la,70002,15211
naples center,5825 airport pulling rd n,naples,fl,34109,15205
everhart,4741 s padre island dr,corpus christi,tx,78411,15203
the brea plaza inline dt,1647 e imperial hwy,brea,ca,92821,15200
cielo vista mall,8401 gateway blvd w,el paso,tx,79925,15191
the fountains of miramar,3211 sw 160th ave,miramar,fl,33027,15190
lakeland square,3800 us highway 98 n ste 692,lakeland,fl,33809,15183
jimmy carter blvd,5455 jimmy carter blvd,norcross,ga,30093,15181
c470 amp; kipling,9976 w remington pl,littleton,co,80128,15181
georgia southwestern state university,800 gsw state university dr,americus,ga,31709,15173
park meadows mall,8515 park meadows center dr,lone tree,co,80124,15171
owensboro,4601 frederica st,owensboro,ky,42301,15168
covington  highway 190,912 n highway 190,covington,la,70433,15160
roswell corners,1185 woodstock rd,roswell,ga,30075,15156
roswell town center,604 holcomb bridge rd,roswell,ga,30076,15156
lansdale,210 forty foot rd,lansdale,pa,19446,15151
indiana university purdue univ at indianapolis,420 university blvd ste 120,indianapolis,in,46202,15150
inner harbor inline,400 e pratt st,baltimore,md,21202,15149
lakepoint,94 old allatoona rd se,cartersville,ga,30121,15146
university of texasarlington,300 w first st,arlington,tx,76019,15145
i10 at louisiana avenue,3205 louisiana ave,lafayette,la,70501,15143
pleasant valley road,2230 s pleasant valley rd,winchester,va,22601,15141
altamonte springs,425 w state road 436,altamonte springs,fl,32714,15137
monterey road amp; tully road,2280 monterey hwy,san jose,ca,95112,15135
westshore plaza,241a westshore plaza,tampa,fl,33609,15133
concord mall,4737 concord pike ste 760,wilmington,de,19803,15130
west tennessee street,1775 w tennessee st,tallahassee,fl,32304,15128
lock haven university,401 n fairview st,lock haven,pa,17745,15124
wilkesboro,2007 w us highway 421,wilkesboro,nc,28697,15122
haygood shopping center,1097 independence blvd,virginia beach,va,23455,15122
smyrna ga,5120 s cobb dr se,smyrna,ga,30080,15121
mall at chesterfield towne center,11500 midlothian tpke ste 478,north chesterfield,va,23235,15113
hapeville dwarf house,461 n central ave,hapeville,ga,30354,15111
south dale mabry,609 s dale mabry hwy,tampa,fl,33609,15110
the district,2889 park ave,tustin,ca,92782,15109
north druid hills drivethru only,3905 n druid hills rd,decatur,ga,30033,15109
cook children39;s hospital,801 7th ave,fort worth,tx,76104,15102
south cobb drive,3100 s cobb dr se,smyrna,ga,30080,15093
peoria,4518 n sterling ave,peoria,il,61615,15090
cypress towne lake,9823 barker cypress rd,cypress,tx,77433,15087
oxford valley road,2424 e lincoln hwy,langhorne,pa,19047,15084
georgia southern university,8107 russell un,statesboro,ga,30460,15083
university of texassan antonio utsa,1 utsa cir,san antonio,tx,78249,15081
oglethorpe mall,7804 abercorn st  110,savannah,ga,31406,15079
st pete beach,4623 gulf blvd,saint petersburg,fl,33706,15075
tuskawilla road,1455 tuskawilla rd,winter springs,fl,32708,15072
george washington,44835 lakeview overlook plz,ashburn,va,20147,15068
peachtree at collier,1901 peachtree rd ne,atlanta,ga,30309,15066
loganville,4321 atlanta hwy,loganville,ga,30052,15063
cheltenham,2421 w cheltenham ave,philadelphia,pa,19150,15062
52nd and wadsworth,5236 wadsworth byp,arvada,co,80002,15060
lehigh valley mall,826 lehigh lifestyle ctr,whitehall,pa,18052,15059
georgetown,1031 w university ave,georgetown,tx,78628,15056
laredo,5118 mcpherson rd,laredo,tx,78041,15054
rancho cucamonga,12190 foothill blvd,rancho cucamonga,ca,91739,15051
vero beach,6020 elon lane,vero beach,fl,32966,15051
keller,1002 keller pkwy,keller,tx,76248,15048
executive park drive,4905 executive park dr,columbia,md,21045,15042
outlet shoppes at atlanta,951 ridgewalk pkwy,woodstock,ga,30188,15041
benchwood,3339 benchwood rd,dayton,oh,45414,15041
altamonte mall,451 e altamonte dr,altamonte springs,fl,32701,15038
midland,6501 kitten lake dr,midland,ga,31820,15035
grove city,1696 stringtown rd,grove city,oh,43123,15031
cross roads,11851 us highway 380,crossroads,tx,76227,15029
indiana university of pennsylvania,319 pratt dr,indiana,pa,15701,15029
beaver valley mall,544 beaver valley mall,monaca,pa,15061,15026
copperfield,8440 highway 6 n,houston,tx,77095,15018
owings mills square,10480 owings mills blvd,owings mills,md,21117,15018
lanier crossing,653 atlanta rd,cumming,ga,30040,15005
eastern illinois university,600 lincoln ave,charleston,il,61920,15005
university of nccharlotte,9201 university city blvd,charlotte,nc,28223,15005
moorpark road,449 n moorpark rd,thousand oaks,ca,91360,15004
lake woodlands drive,1660 lake woodlands dr,the woodlands,tx,77380,14984
starr39;s mill,1222 highway 74 s,peachtree city,ga,30269,14983
country club mall,1262 vocke rd ste 284,cumberland,md,21502,14983
wilson,2407 forest hills rd w,wilson,nc,27893,14977
philadelphia international airport,8500 essington ave,philadelphia,pa,19153,14970
penn state university,bo1oc hubrobeson center,university park,pa,16802,14967
harlingen,1021 dixieland rd,harlingen,tx,78552,14964
walnut creek,2750 n main st,walnut creek,ca,94597,14959
mall blvd drivethru only,303 mall blvd,savannah,ga,31406,14956
hampton university,queen amp tyler st,hampton,va,23668,14955
pueblo,1535 w us highway 50,pueblo,co,81008,14950
hamilton mill,2635 hamilton mill rd,buford,ga,30519,14946
cranberry,1700 route 228,cranberry township,pa,16066,14945
university of ncchapel hill lenoir hall,36 lenior hall,chapel hill,nc,27599,14944
fairburn road drivethru only,5888 fairburn rd,douglasville,ga,30134,14944
southpark va,384 southpark circle space b10,colonial heights,va,23834,14937
pines and flamingo,12203 pines blvd,pembroke pines,fl,33026,14936
deerfield crossing,5150 merten dr,mason,oh,45040,14922
prien lake mall,592 w prien lake rd,lake charles,la,70601,14922
forest park dwarf house,4959 jonesboro rd,forest park,ga,30297,14920
pittsburgh international airport,1000 airport blvd,pittsburgh,pa,15231,14919
airline highway,15055 airline hwy,baton rouge,la,70817,14912
mentor,9611 mentor ave,mentor,oh,44060,14911
sugarloaf amp; 316,4965 sugarloaf pkwy,lawrenceville,ga,30044,14908
park meadows on county line rd,9091 westview rd,lone tree,co,80124,14902
mall del norte,5300 north i35,laredo,tx,78041,14901
shands hospital sun terracegainesville,114 recreational dining ctr,gainesville,fl,32611,14900
pecanland mall,4700 millhaven rd ste 1098,monroe,la,71203,14899
lincoln highway east,2467 lincoln hwy e,lancaster,pa,17602,14898
dezavala road,5189 de zavala rd,san antonio,tx,78249,14897
fairburn,7810 senoia rd,fairburn,ga,30213,14894
university of virginia,alderman amp mccormick rds,charlottesville,va,22904,14886
streets at southglenn inline dt,6907 s university blvd ste 201,centennial,co,80122,14883
tyrone square,2257 tyrone sq,saint petersburg,fl,33710,14882
ormond towne square,1464 w granada blvd,ormond beach,fl,32174,14879
university of tampa,401 w kennedy blvd,tampa,fl,33606,14877
hulen mall,4800 s hulen st ste 2105,fort worth,tx,76132,14875
greenwood village,9331 e arapahoe rd,greenwood village,co,80112,14870
monroe ga,620 highway 138 nw,monroe,ga,30655,14868
i10 and silber road,7660 katy fwy,houston,tx,77024,14867
royersford,70 buckwalter rd ste 1450,royersford,pa,19468,14862
joppa road,2008 e joppa rd,parkville,md,21234,14859
cornerstone,5301 cornerstone north blvd,centerville,oh,45440,14850
anderson,8598 beechmont ave,cincinnati,oh,45255,14844
peachtree corners,6105 peachtree pkwy,norcross,ga,30092,14843
navicent health,777 hemlock st,macon,ga,31201,14814
river point,4090 river point pkwy,sheridan,co,80110,14813
the ridge,5023 highway 90,pace,fl,32571,14811
springhurst,10501 westport rd,louisville,ky,40241,14800
i220 amp; airline drive,2601 beene blvd,bossier city,la,71111,14799
vista gardens marketplace,10631 martin luther king jr hwy,bowie,md,20720,14792
river ridge mall,3405 candlers mountain rd ste fc6,lynchburg,va,24502,14790
hanover,340 eisenhower dr,hanover,pa,17331,14772
gainesville west,805 dawsonville hwy,gainesville,ga,30501,14770
tuckernuck plaza,9100 w broad st,richmond,va,23294,14765
palm coast,1000 palm coast pkwy nw,palm coast,fl,32137,14754
laguna niguel,28201 crown valley pkwy,laguna niguel,ca,92677,14754
exton square,280 exton square mall,exton,pa,19341,14744
southchase plaza,13085 s orange blossom trl,orlando,fl,32837,14739
manchester expressway,2730 manchester expy,columbus,ga,31904,14739
holcombe amp; buffalo speedway,3101 w holcombe blvd,houston,tx,77025,14735
westfield citrus park,8019 citrus park town center mall,tampa,fl,33625,14733
del rio,2207 veterans blvd,del rio,tx,78840,14715
victoria mall,7800 hallettsville highway 155,victoria,tx,77901,14707
noblesville,16685 mercantile blvd,noblesville,in,46060,14704
patrick henry mall,12300 jefferson ave spc 740f1,newport news,va,23602,14698
i35/ben white,500 e ben white blvd,austin,tx,78704,14692
katy mills,25601 nelson way,katy,tx,77494,14690
seminole plaza,10790 park blvd,seminole,fl,33772,14688
eastgate plaza,5156 state route 30,greensburg,pa,15601,14683
the loop,3286 n john young pkwy,kissimmee,fl,34741,14682
ruston,1206 maxwell blvd,ruston,la,71270,14669
melrose park,2 winston plz,melrose park,il,60160,14665
jesse jewell parkway,1917 ne jesse jewell parkway,gainesville,ga,30501,14662
highlands village shopping center,3830 troup hwy,tyler,tx,75703,14660
oviedo mall,1610 oviedo mall blvd,oviedo,fl,32765,14654
md anderson cancer center,7007 bertner ave,houston,tx,77030,14646
kirkman and conroy road,4752 s kirkman rd,orlando,fl,32811,14606
vista ridge village,483 e round grove rd,lewisville,tx,75067,14596
panama city,661 n highway 231,panama city,fl,32405,14593
ontario mills parkway,4350 ontario mills pkwy,ontario,ca,91764,14576
market at east broad,6240 e broad st,columbus,oh,43213,14575
westfield brandon,519 brandon town center mall,brandon,fl,33511,14574
stonybrook,2350 shane dr,louisville,ky,40220,14572
great lakes mall,7850 mentor ave ste 870,mentor,oh,44060,14565
mcknight road,7451 mcknight rd,pittsburgh,pa,15237,14565
viera,8300 n wickham rd,melbourne,fl,32940,14559
university of texas  tyler,3900 university blvd,tyler,tx,75799,14558
winter garden,3166 daniels rd,winter garden,fl,34787,14552
mullins crossing,4201 washington rd,evans,ga,30809,14551
lovejoy station,11161 tara blvd,hampton,ga,30228,14546
greengate centre,900 greengate centre cir,greensburg,pa,15601,14544
lafayette parkway,1574 lafayette pkwy,lagrange,ga,30241,14542
broadcasting square,2707 n meridian blvd,reading,pa,19610,14539
texas tech university  sam39;s west,3211 18th st,lubbock,tx,79409,14531
milledgeville,1730 n columbia st,milledgeville,ga,31061,14522
kerrville,1060 junction hwy,kerrville,tx,78028,14514
scenic highway,1559 scenic hwy n,snellville,ga,30078,14514
aramingo,2301 e butler st,philadelphia,pa,19137,14511
pompano beach,2250 n federal hwy,pompano beach,fl,33062,14509
fountain,7925 fountain mesa rd,fountain,co,80817,14508
east norriton,2640 dekalb pike,east norriton,pa,19401,14508
westfield countryside mall,27001 us highway 19 n ste 2089,clearwater,fl,33761,14506
roosevelt square,4495 roosevelt blvd ste 601,jacksonville,fl,32210,14503
lauderhill,8190 w commercial blvd,tamarac,fl,33351,14498
league city towne center,1640 fm 646 rd w,dickinson,tx,77539,14496
university of central florida,4000 central florida blvd,orlando,fl,32816,14493
i635 and macarthur,7850 n macarthur blvd,irving,tx,75063,14490
towson town center,825 dulaney valley rd ste 3285,towson,md,21204,14484
s clearview,1141 s clearview pkwy,jefferson,la,70121,14470
polaris fashion place,1500 polaris pkwy ste fc4,columbus,oh,43240,14468
newton plaza,3130 highway 278 nw,covington,ga,30014,14459
international speedway,100 n williamson blvd,daytona beach,fl,32114,14454
lbj amp; midway,12795 midway rd,dallas,tx,75244,14447
kissimmee,4450 w vine st,kissimmee,fl,34746,14444
navy blvd,510 n navy blvd,pensacola,fl,32507,14434
centre at salisbury,2300 n salisbury blvd ste g115,salisbury,md,21801,14426
college drive,3023 college dr,baton rouge,la,70808,14423
houston county galleria,2922 watson blvd ste 840,centerville,ga,31028,14422
eastgate,874 eastgate north dr,cincinnati,oh,45245,14416
wheaton,301 e loop rd,wheaton,il,60189,14414
el dorado boulevard,18323 gulf fwy,webster,tx,77598,14397
peachtree mall,3131 manchester expy ste 7f,columbus,ga,31909,14384
kedron village,1100 n peachtree pkwy,peachtree city,ga,30269,14381
hunt valley towne centre,6 hyland ave,hunt valley,md,21030,14378
usaa cafe h,9800 fredericksburg rd,san antonio,tx,78288,14371
morehouse college,830 westview dr sw,atlanta,ga,30314,14371
grapevine mills,2255 e grapevine mills cir,grapevine,tx,76051,14362
montrose,47 flight memorial pkwy,fairlawn,oh,44333,14333
san marcos,587 grand ave,san marcos,ca,92078,14326
heights corner,3200 hulen st,fort worth,tx,76107,14320
neshaminy,3621 horizon blvd,trevose,pa,19053,14311
kentlands square inline,104 main st,gaithersburg,md,20878,14310
inwood road,12120 inwood rd,dallas,tx,75244,14305
hwy 6 at west little york,6175 highway 6 n,houston,tx,77084,14300
waters ave,6299 w waters ave,tampa,fl,33634,14299
hiram,4326 jimmy lee smith pkwy,hiram,ga,30141,14299
stockbridge dwarf house,3649 highway 138 se,stockbridge,ga,30281,14295
st augustine road,1100 n saint augustine rd,valdosta,ga,31601,14270
willow bend mall,6121 w park blvd ste fc103,plano,tx,75093,14265
fm 620 north amp; hwy 183,13201 ranch road 620 n,austin,tx,78717,14262
nicholasville road,2514 nicholasville rd,lexington,ky,40503,14254
howland commons,1885 niles cortland rd se,warren,oh,44484,14245
university of florida,114 recreational dining ctr,gainesville,fl,32611,14226
valley health winchester medical center,1836 amherst st,winchester,va,22601,14221
macedonia,8213 golden link blvd,macedonia,oh,44067,14217
stonebridge village,5905 spout springs rd,flowery branch,ga,30542,14208
richmond centre,2072 lantern ridge dr,richmond,ky,40475,14200
east lake,2105 roswell rd,marietta,ga,30062,14200
village at westlake,701 s capital of texas hwy ste l400,west lake hills,tx,78746,14185
snellville,2932 main st w,snellville,ga,30078,14185
kildeer,20429 n rand rd,kildeer,il,60047,14184
north academy,7990 n academy blvd,colorado springs,co,80920,14168
wesley chapel weddington,6390 weddington rd,matthews,nc,28104,14151
lake jackson,121 highway 332 w  a,lake jackson,tx,77566,14126
kyle,5289 kyle center dr,kyle,tx,78640,14120
fox valley center,4435 fox valley center dr,aurora,il,60504,14120
chapel hill,420 howe ave,cuyahoga falls,oh,44221,14107
jackson amp; macarthur,1300 macarthur dr,alexandria,la,71301,14092
johns creek,3643 peachtree pkwy,suwanee,ga,30024,14073
mall of louisiana,6401 bluebonnet blvd ste fc10,baton rouge,la,70836,14068
gateway at sanatoga,14 w lightcap rd,pottstown,pa,19464,14048
st augustine,1752 us highway 1 s,saint augustine,fl,32084,14025
riverdale dwarf house,6549 highway 85,riverdale,ga,30274,14018
north druid hills,2340 n druid hills rd ne,atlanta,ga,30329,13993
lake mary blvd,4420 w lake mary blvd,lake mary,fl,32746,13976
first colony mall,16535 sw freeway,sugar land,tx,77479,13971
middleburg,1710 blanding blvd,middleburg,fl,32068,13970
line creek,2720 highway 54,peachtree city,ga,30269,13967
christiana,4657 ogletown stanton rd,newark,de,19713,13948
vallejo,1191 admiral callaghan ln,vallejo,ca,94591,13936
amelia island,464004 state road 200,yulee,fl,32097,13934
university of texasaustinsac,2201 speedway,austin,tx,78712,13910
westfield century city,10250 santa monica blvd,los angeles,ca,90067,13907
lassiter,3046 shallowford rd,marietta,ga,30062,13900
piedmont road,2580 piedmont rd ne,atlanta,ga,30324,13897
terre haute,3675 s us highway 41,terre haute,in,47802,13839
university of illinois  chicago,750 s halsted st,chicago,il,60607,13818
ellijay,475 howard simmons rd,ellijay,ga,30540,13794
northridge,8875 tampa ave,northridge,ca,91324,13789
international plaza mall,2223 n west shore blvd ste fc202,tampa,fl,33607,13774
sports arena,3570 sports arena blvd,san diego,ca,92110,13754
robinson,121 costco dr,pittsburgh,pa,15205,13737
walnut avenue,1031 s walnut ave,new braunfels,tx,78130,13723
east pearland,1512 broadway st,pearland,tx,77581,13714
ocoee,10620 w colonial dr,ocoee,fl,34761,13698
santa barbara,3707 state st,santa barbara,ca,93105,13657
king39;s college  king39;s on the square,20 public sq,wilkes barre,pa,18701,13648
waugh chapel,2615 brandermill blvd,gambrills,md,21054,13635
northridge drivethru only,8433 roswell rd,atlanta,ga,30350,13628
perimeter pointe,1145 mount vernon hwy,dunwoody,ga,30338,13576
georgia gwinnett college,1000 university center ln,lawrenceville,ga,30043,13564
hillcrest amp; university inline,6423 hillcrest ave,dallas,tx,75205,13559
american fork,183 n west state rd,american fork,ut,84003,13482
white oak crossing,220 shenstone ln,garner,nc,27529,13463
kroger/w marietta crossing,1000 whitlock ave nw,marietta,ga,30064,13438
hull street at brandermill,12301 chattanooga plz,midlothian,va,23112,13431
texas tech university  college of business,703 flint ave,lubbock,tx,79409,13409
texas southern university,3100 cleburne st,houston,tx,77004,13386
sawyer heights,2222 shearn st,houston,tx,77007,13349
newport pavilion,95 carothers rd,newport,ky,41071,13349
valley view mall,4802 valley view blvd nw,roanoke,va,24012,13339
westgate mall tx,7701 w interstate 40 ste 132,amarillo,tx,79121,13334
memorial drive,5542 memorial dr,stone mountain,ga,30083,13206
port orange gateway center,1761 dunlawton ave,port orange,fl,32127,13028
university of texasaustin,24th amp guadalupe,austin,tx,78713,12934
winter haven,143 landings blvd,winter haven,fl,33880,12726
nc aamp;t nc agricultural amp; technical state univ,1601 e market st,greensboro,nc,27411,12628
foothill ranch,26792 portola pkwy,foothill ranch,ca,92610,12598
tucker station,4340 hugh howell rd,tucker,ga,30084,12595
greendale,5351 s 76th st,greendale,wi,53129,12499
suwanee road,2835 lawrenceville suwanee rd,suwanee,ga,30024,12487
university of mississippi,third floor student union bldg,university,ms,38677,12476
la habra marketplace,1801 w imperial hwy,la habra,ca,90631,12450
chicago ridge,9600 ridgeland ave,chicago ridge,il,60415,12414
trussville al,5886 trussville crossings pkwy,birmingham,al,35235,12388
celebrate virginia,1094 international pkwy,fredericksburg,va,22406,12300
clayton,151 highway 441 n,clayton,ga,30525,12264
clinton,952 highway 80 e,clinton,ms,39056,12219
university of kansas,1445 jayhawk blvd,lawrence,ks,66045,12212
coral springs,1341 n university dr,coral springs,fl,33071,12212
indian trail,13801 e independence blvd,indian trail,nc,28079,12191
winchester road,7072 winchester rd,memphis,tn,38125,12146
papillion,8710 s 71st plz,papillion,ne,68133,12120
culpeper colonnade,15275 creativity dr,culpeper,va,22701,12071
woodbridge,2425 prince william pkwy,woodbridge,va,22192,12067
university of oklahoma health science center,1106 n stonewall ave,oklahoma city,ok,73117,12063
knoxville center,3001 knoxville center dr ste 2223,knoxville,tn,37924,12052
college football hall of fame,256 marietta st nw,atlanta,ga,30313,12044
sevierville,1432 parkway,sevierville,tn,37862,12037
